<?xml version="1.0" encoding="UTF-8"?>
<map player_start="0 0 0" player_start_orientation="1 0 0 0" skybox="" min_world_size="-10000 -10000 -10000" max_world_size="10000 10000 10000">
	<object mass="650" inertia="2500 2500 2500" center_of_mass="0 0 0" collision="fixed" type="static_mesh" castshadows="true" meshfile="tower.01.mesh" name="tower#25" orientation="-0.810179 0 0.586183 0" position="281.575 17.0963 -268.644" scale="1 1 1" material=""></object>
	<object mass="650" inertia="2500 2500 2500" center_of_mass="0 0 0" collision="" type="static_mesh" castshadows="true" meshfile="plant.02.mesh" name="plant#13" orientation="1 0 0 0" position="422.934 0.0680752 51.8669" scale="1 1 1" material=""></object>
	<object mass="650" inertia="2500 2500 2500" center_of_mass="0 0 0" collision="normal" type="static_mesh" castshadows="true" meshfile="rock.05.mesh" name="rock#0" orientation="1 0 0 0" position="221.685 0 -213.143" scale="1 1 1" material="">  </object>
	<object mass="650" inertia="2500 2500 2500" center_of_mass="0 0 0" collision="" type="static_mesh" castshadows="true" meshfile="plant.03.mesh" name="plant#5" orientation="1 0 0 0" position="348.175 0 100" scale="1 1 1" material=""> </object>
    <object mass="650" inertia="2500 2500 2500" center_of_mass="0 0 0" collision="normal" type="static_mesh" castshadows="true" meshfile="rock.05.mesh" name="rock#1" orientation="1 0 0 0" position="0 0 -107.598" scale="1 1 1" material=""> </object>
    <object mass="650" inertia="2500 2500 2500" center_of_mass="0 0 0" collision="" type="static_mesh" castshadows="true" meshfile="plant.03.mesh" name="plant#11" orientation="1 0 0 0" position="-52.5235 -0.571737 198.863" scale="1 1 1" material="">  </object>
    <object mass="650" inertia="2500 2500 2500" center_of_mass="0 0 0" collision="normal" type="static_mesh" castshadows="true" meshfile="rock.05.mesh" name="rock#2" orientation="1 0 0 0" position="402.234 0 2.94012" scale="1 1 1" material="">  </object>
    <object mass="650" inertia="2500 2500 2500" center_of_mass="0 0 0" collision="fixed" type="static_mesh" castshadows="true" meshfile="farol.mesh" name="farol#3" orientation="1 0 0 0" position="94.648 0 -9.62796" scale="10 10 10" material="">  </object>
    <object mass="650" inertia="2500 2500 2500" center_of_mass="0 0 0" collision="normal" type="static_mesh" castshadows="true" meshfile="rock.05.mesh" name="rock#3" orientation="1 0 0 0" position="300 0 -107.598" scale="1 1 1" material="">  </object>
    <object mass="650" inertia="2500 2500 2500" center_of_mass="0 0 0" collision="fixed" type="static_mesh" castshadows="true" meshfile="tree.09.mesh" name="tree#17" orientation="1 0 0 0" position="174.697 6.70231 -176.665" scale="1 1 1" material="">  </object>
    <object mass="650" inertia="2500 2500 2500" center_of_mass="0 0 0" collision="fixed" type="static_mesh" castshadows="true" meshfile="tree.05.mesh" name="tree#21" orientation="1 0 0 0" position="302.043 -0.766479 42.2482" scale="1 1 1" material="">  </object>
    <object mass="650" inertia="2500 2500 2500" center_of_mass="0 0 0" collision="" type="static_mesh" castshadows="true" meshfile="plant.03.mesh" name="plant#9" orientation="1 0 0 0" position="332.214 1.00813 -105.227" scale="1 1 1" material="">  </object>
    <object mass="650" inertia="2500 2500 2500" center_of_mass="0 0 0" collision="fixed" type="static_mesh" castshadows="true" meshfile="tree.07.mesh" name="tree#19" orientation="1 0 0 0" position="561.032 1.83504 -84.3284" scale="1 1 1" material="">  </object>
    <object mass="650" inertia="2500 2500 2500" center_of_mass="0 0 0" collision="fixed" type="static_mesh" castshadows="true" meshfile="chao3.mesh" name="chao3#3" orientation="1 0 0 0" position="0.0595245 -3.8147e-006 -0.0616379" scale="1 1 1" material="">  </object>
    <object mass="650" inertia="2500 2500 2500" center_of_mass="0 0 0" collision="fixed" type="static_mesh" castshadows="true" meshfile="tree.09.mesh" name="tree#23" orientation="1 0 0 0" position="234.336 6.69433 208.936" scale="1 1 1" material="">  </object>
</map>